"Status","Start Time","Stop Time","Duration in ms","Parent Suite","Suite","Sub Suite","Test Class","Test Method","Name","Description"
"passed","Sat Oct 10 07:59:18 UTC 2026","Sat Oct 10 07:59:18 UTC 2026","148","","test_echo","","","","GET запрос без параметров","
    Тест проверяет выполнение GET запроса без передачи параметров.
    Ожидается:
    - Статус код 200
    - В ответе содержится URL запроса
"
"passed","Sat Oct 10 07:59:19 UTC 2026","Sat Oct 10 07:59:19 UTC 2026","120","","test_echo","","","","POST запрос с form-data","
    Тест проверяет отправку POST запроса с form-data (x-www-form-urlencoded).
    Ожидается:
    - Статус код 200
    - В ответе возвращаются переданные form данные
"
"passed","Sat Oct 10 07:59:19 UTC 2026","Sat Oct 10 07:59:19 UTC 2026","146","","test_echo","","","","POST запрос с JSON данными","
    Тест проверяет отправку POST запроса с JSON данными.
    Ожидается:
    - Статус код 200
    - В ответе возвращаются переданные JSON данные
    - Content-Type заголовок установлен в application/json
"
"passed","Sat Oct 10 07:59:19 UTC 2026","Sat Oct 10 07:59:19 UTC 2026","112","","test_echo","","","","POST запрос с кастомными заголовками","
    Тест проверяет отправку POST запроса с пользовательскими заголовками.
    Ожидается:
    - Статус код 200
    - Кастомные заголовки присутствуют в ответе сервера
"
"passed","Sat Oct 10 07:59:18 UTC 2026","Sat Oct 10 07:59:19 UTC 2026","143","","test_echo","","","","GET запрос к эндпоинту POST (негативный сценарий)","
    Тест проверяет GET запрос к URL, предназначенному для POST запросов.
    Ожидается:
    - Статус код 404 (ресурс не найден)
"
"passed","Sat Oct 10 07:59:19 UTC 2026","Sat Oct 10 07:59:19 UTC 2026","134","","test_echo","","","","POST запрос с загрузкой файла","
    Тест проверяет отправку POST запроса с файлом.
    Ожидается:
    - Статус код 200
    - Файл успешно загружен и присутствует в ответе
    - Content-Type содержит multipart/form-data
"
